A,a
Aa,r
Aar,d
Aard,o
Aardo,n
Aardon,y
Aardony,x
Aardonyx,#
A,b
Ab,e
Abe,l
Abel,i
Abeli,s
Abelis,a
Abelisa,u
Abelisau,r
Abelisaur,u
Abelisauru,s
Abelisaurus,#
A,c
Ac,h
Ach,e
Ache,l
Achel,o
Achelo,u
Achelou,s
Achelous,a
Achelousa,u
Achelousau,r
Achelousaur,u
Achelousauru,s
Achelousaurus,#
A,c
Ac,h
Ach,i
Achi,l
Achil,l
Achill,o
Achillo,b
Achillob,a
Achilloba,t
Achillobat,o
Achillobato,r
Achillobator,#
A,c
Ac,r
Acr,o
Acro,c
Acroc,a
Acroca,n
Acrocan,t
Acrocant,h
Acrocanth,o
Acrocantho,s
Acrocanthos,a
Acrocanthosa,u
Acrocanthosau,r
Acrocanthosaur,u
Acrocanthosauru,s
Acrocanthosaurus,#
A,e
Ae,g
Aeg,y
Aegy,p
Aegyp,t
Aegypt,o
Aegypto,s
Aegyptos,a
Aegyptosa,u
Aegyptosau,r
Aegyptosaur,u
Aegyptosauru,s
Aegyptosaurus,#
A,f
Af,r
Afr,o
Afro,v
Afrov,e
Afrove,n
Afroven,a
Afrovena,t
Afrovenat,o
Afrovenato,r
Afrovenator,#
A,g
Ag,i
Agi,l
Agil,i
Agili,s
Agilis,a
Agilisa,u
Agilisau,r
Agilisaur,u
Agilisauru,s
Agilisaurus,#
A,l
Al,a
Ala,m
Alam,o
Alamo,s
Alamos,a
Alamosa,u
Alamosau,r
Alamosaur,u
Alamosauru,s
Alamosaurus,#
A,l
Al,b
Alb,e
Albe,r
Alber,t
Albert,a
Alberta,c
Albertac,e
Albertace,r
Albertacer,a
Albertacera,t
Albertacerat,o
Albertacerato,p
Albertaceratop,s
Albertaceratops,#
A,l
Al,b
Alb,e
Albe,r
Alber,t
Albert,o
Alberto,s
Albertos,a
Albertosa,u
Albertosau,r
Albertosaur,u
Albertosauru,s
Albertosaurus,#
A,l
Al,e
Ale,c
Alec,t
Alect,r
Alectr,o
Alectro,s
Alectros,a
Alectrosa,u
Alectrosau,r
Alectrosaur,u
Alectrosauru,s
Alectrosaurus,#
A,l
Al,i
Ali,o
Alio,r
Alior,a
Aliora,m
Alioram,u
Alioramu,s
Alioramus,#
A,l
Al,l
All,o
Allo,s
Allos,a
Allosa,u
Allosau,r
Allosaur,u
Allosauru,s
Allosaurus,#
A,l
Al,v
Alv,a
Alva,r
Alvar,e
Alvare,z
Alvarez,s
Alvarezs,a
Alvarezsa,u
Alvarezsau,r
Alvarezsaur,u
Alvarezsauru,s
Alvarezsaurus,#
A,m
Am,a
Ama,r
Amar,g
Amarg,a
Amarga,s
Amargas,a
Amargasa,u
Amargasau,r
Amargasaur,u
Amargasauru,s
Amargasaurus,#
A,m
Am,m
Amm,o
Ammo,s
Ammos,a
Ammosa,u
Ammosau,r
Ammosaur,u
Ammosauru,s
Ammosaurus,#
A,m
Am,p
Amp,e
Ampe,l
Ampel,o
Ampelo,s
Ampelos,a
Ampelosa,u
Ampelosau,r
Ampelosaur,u
Ampelosauru,s
Ampelosaurus,#
A,m
Am,y
Amy,g
Amyg,d
Amygd,a
Amygda,l
Amygdal,o
Amygdalo,d
Amygdalod,o
Amygdalodo,n
Amygdalodon,#
A,n
An,c
Anc,h
Anch,i
Anchi,c
Anchic,e
Anchice,r
Anchicer,a
Anchicera,t
Anchicerat,o
Anchicerato,p
Anchiceratop,s
Anchiceratops,#
A,n
An,c
Anc,h
Anch,i
Anchi,s
Anchis,a
Anchisa,u
Anchisau,r
Anchisaur,u
Anchisauru,s
Anchisaurus,#
A,n
An,k
Ank,y
Anky,l
Ankyl,o
Ankylo,s
Ankylos,a
Ankylosa,u
Ankylosau,r
Ankylosaur,u
Ankylosauru,s
Ankylosaurus,#
A,n
An,s
Ans,e
Anse,r
Anser,i
Anseri,m
Anserim,i
Anserimi,m
Anserimim,u
Anserimimu,s
Anserimimus,#
A,n
An,t
Ant,a
Anta,r
Antar,c
Antarc,t
Antarct,o
Antarcto,s
Antarctos,a
Antarctosa,u
Antarctosau,r
Antarctosaur,u
Antarctosauru,s
Antarctosaurus,#
A,p
Ap,a
Apa,t
Apat,o
Apato,s
Apatos,a
Apatosa,u
Apatosau,r
Apatosaur,u
Apatosauru,s
Apatosaurus,#
A,r
Ar,a
Ara,g
Arag,o
Arago,s
Aragos,a
Aragosa,u
Aragosau,r
Aragosaur,u
Aragosauru,s
Aragosaurus,#
A,r
Ar,a
Ara,l
Aral,o
Aralo,s
Aralos,a
Aralosa,u
Aralosau,r
Aralosaur,u
Aralosauru,s
Aralosaurus,#
A,r
Ar,c
Arc,h
Arch,a
Archa,e
Archae,o
Archaeo,c
Archaeoc,e
Archaeoce,r
Archaeocer,a
Archaeocera,t
Archaeocerat,o
Archaeocerato,p
Archaeoceratop,s
Archaeoceratops,#
A,r
Ar,c
Arc,h
Arch,a
Archa,e
Archae,o
Archaeo,p
Archaeop,t
Archaeopt,e
Archaeopte,r
Archaeopter,y
Archaeoptery,x
Archaeopteryx,#
A,r
Ar,c
Arc,h
Arch,a
Archa,e
Archae,o
Archaeo,r
Archaeor,n
Archaeorn,i
Archaeorni,t
Archaeornit,h
Archaeornith,o
Archaeornitho,m
Archaeornithom,i
Archaeornithomi,m
Archaeornithomim,u
Archaeornithomimu,s
Archaeornithomimus,#
A,r
Ar,g
Arg,e
Arge,n
Argen,t
Argent,i
Argenti,n
Argentin,o
Argentino,s
Argentinos,a
Argentinosa,u
Argentinosau,r
Argentinosaur,u
Argentinosauru,s
Argentinosaurus,#
A,r
Ar,r
Arr,h
Arrh,i
Arrhi,n
Arrhin,o
Arrhino,c
Arrhinoc,e
Arrhinoce,r
Arrhinocer,a
Arrhinocera,t
Arrhinocerat,o
Arrhinocerato,p
Arrhinoceratop,s
Arrhinoceratops,#
A,t
At,l
Atl,a
Atla,s
Atlas,c
Atlasc,o
Atlasco,p
Atlascop,c
Atlascopc,o
Atlascopco,s
Atlascopcos,a
Atlascopcosa,u
Atlascopcosau,r
Atlascopcosaur,u
Atlascopcosauru,s
Atlascopcosaurus,#
A,u
Au,c
Auc,a
Auca,s
Aucas,a
Aucasa,u
Aucasau,r
Aucasaur,u
Aucasauru,s
Aucasaurus,#
A,u
Au,s
Aus,t
Aust,r
Austr,o
Austro,s
Austros,a
Austrosa,u
Austrosau,r
Austrosaur,u
Austrosauru,s
Austrosaurus,#
A,v
Av,a
Ava,c
Avac,e
Avace,r
Avacer,a
Avacera,t
Avacerat,o
Avacerato,p
Avaceratop,s
Avaceratops,#
A,v
Av,i
Avi,m
Avim,i
Avimi,m
Avimim,u
Avimimu,s
Avimimus,#
B,a
Ba,c
Bac,t
Bact,r
Bactr,o
Bactro,s
Bactros,a
Bactrosa,u
Bactrosau,r
Bactrosaur,u
Bactrosauru,s
Bactrosaurus,#
B,a
Ba,g
Bag,a
Baga,c
Bagac,e
Bagace,r
Bagacer,a
Bagacera,t
Bagacerat,o
Bagacerato,p
Bagaceratop,s
Bagaceratops,#
B,a
Ba,m
Bam,b
Bamb,i
Bambi,r
Bambir,a
Bambira,p
Bambirap,t
Bambirapt,o
Bambirapto,r
Bambiraptor,#
B,a
Ba,r
Bar,a
Bara,p
Barap,a
Barapa,s
Barapas,a
Barapasa,u
Barapasau,r
Barapasaur,u
Barapasauru,s
Barapasaurus,#
B,a
Ba,r
Bar,o
Baro,s
Baros,a
Barosa,u
Barosau,r
Barosaur,u
Barosauru,s
Barosaurus,#
B,a
Ba,r
Bar,y
Bary,o
Baryo,n
Baryon,y
Baryony,x
Baryonyx,#
B,e
Be,c
Bec,k
Beck,l
Beckl,e
Beckle,s
Beckles,p
Becklesp,i
Becklespi,n
Becklespin,a
Becklespina,x
Becklespinax,#
B,e
Be,i
Bei,p
Beip,i
Beipi,a
Beipia,o
Beipiao,s
Beipiaos,a
Beipiaosa,u
Beipiaosau,r
Beipiaosaur,u
Beipiaosauru,s
Beipiaosaurus,#
B,e
Be,l
Bel,l
Bell,u
Bellu,s
Bellus,a
Bellusa,u
Bellusau,r
Bellusaur,u
Bellusauru,s
Bellusaurus,#
B,o
Bo,r
Bor,o
Boro,g
Borog,o
Borogo,v
Borogov,i
Borogovi,a
Borogovia,#
B,r
Br,a
Bra,c
Brac,h
Brach,i
Brachi,o
Brachio,s
Brachios,a
Brachiosa,u
Brachiosau,r
Brachiosaur,u
Brachiosauru,s
Brachiosaurus,#
B,r
Br,a
Bra,c
Brac,h
Brach,y
Brachy,l
Brachyl,o
Brachylo,p
Brachylop,h
Brachyloph,o
Brachylopho,s
Brachylophos,a
Brachylophosa,u
Brachylophosau,r
Brachylophosaur,u
Brachylophosauru,s
Brachylophosaurus,#
B,r
Br,a
Bra,c
Brac,h
Brach,y
Brachy,t
Brachyt,r
Brachytr,a
Brachytra,c
Brachytrac,h
Brachytrach,e
Brachytrache,l
Brachytrachel,o
Brachytrachelo,p
Brachytrachelop,a
Brachytrachelopa,n
Brachytrachelopan,#
B,u
Bu,i
Bui,t
Buit,r
Buitr,e
Buitre,r
Buitrer,a
Buitrera,p
Buitrerap,t
Buitrerapt,o
Buitrerapto,r
Buitreraptor,#
C,a
Ca,m
Cam,a
Cama,r
Camar,a
Camara,s
Camaras,a
Camarasa,u
Camarasau,r
Camarasaur,u
Camarasauru,s
Camarasaurus,#
C,a
Ca,m
Cam,p
Camp,t
Campt,o
Campto,s
Camptos,a
Camptosa,u
Camptosau,r
Camptosaur,u
Camptosauru,s
Camptosaurus,#
C,a
Ca,r
Car,c
Carc,h
Carch,a
Carcha,r
Carchar,o
Carcharo,d
Carcharod,o
Carcharodo,n
Carcharodon,t
Carcharodont,o
Carcharodonto,s
Carcharodontos,a
Carcharodontosa,u
Carcharodontosau,r
Carcharodontosaur,u
Carcharodontosauru,s
Carcharodontosaurus,#
C,a
Ca,r
Car,n
Carn,o
Carno,t
Carnot,a
Carnota,u
Carnotau,r
Carnotaur,u
Carnotauru,s
Carnotaurus,#
C,a
Ca,u
Cau,d
Caud,i
Caudi,p
Caudip,t
Caudipt,e
Caudipte,r
Caudipter,y
Caudiptery,x
Caudipteryx,#
C,e
Ce,d
Ced,a
Ceda,r
Cedar,p
Cedarp,e
Cedarpe,l
Cedarpel,t
Cedarpelt,a
Cedarpelta,#
C,e
Ce,n
Cen,t
Cent,r
Centr,o
Centro,s
Centros,a
Centrosa,u
Centrosau,r
Centrosaur,u
Centrosauru,s
Centrosaurus,#
C,e
Ce,r
Cer,a
Cera,t
Cerat,o
Cerato,s
Ceratos,a
Ceratosa,u
Ceratosau,r
Ceratosaur,u
Ceratosauru,s
Ceratosaurus,#
C,e
Ce,t
Cet,i
Ceti,o
Cetio,s
Cetios,a
Cetiosa,u
Cetiosau,r
Cetiosaur,i
Cetiosauri,s
Cetiosauris,c
Cetiosaurisc,u
Cetiosauriscu,s
Cetiosauriscus,#
C,e
Ce,t
Cet,i
Ceti,o
Cetio,s
Cetios,a
Cetiosa,u
Cetiosau,r
Cetiosaur,u
Cetiosauru,s
Cetiosaurus,#
C,h
Ch,a
Cha,o
Chao,y
Chaoy,a
Chaoya,n
Chaoyan,g
Chaoyang,s
Chaoyangs,a
Chaoyangsa,u
Chaoyangsau,r
Chaoyangsaur,u
Chaoyangsauru,s
Chaoyangsaurus,#
C,h
Ch,a
Cha,s
Chas,m
Chasm,o
Chasmo,s
Chasmos,a
Chasmosa,u
Chasmosau,r
Chasmosaur,u
Chasmosauru,s
Chasmosaurus,#
C,h
Ch,i
Chi,n
Chin,d
Chind,e
Chinde,s
Chindes,a
Chindesa,u
Chindesau,r
Chindesaur,u
Chindesauru,s
Chindesaurus,#
C,h
Ch,i
Chi,n
Chin,s
Chins,h
Chinsh,a
Chinsha,k
Chinshak,i
Chinshaki,a
Chinshakia,n
Chinshakian,g
Chinshakiang,o
Chinshakiango,s
Chinshakiangos,a
Chinshakiangosa,u
Chinshakiangosau,r
Chinshakiangosaur,u
Chinshakiangosauru,s
Chinshakiangosaurus,#
C,h
Ch,i
Chi,r
Chir,o
Chiro,s
Chiros,t
Chirost,e
Chiroste,n
Chirosten,o
Chirosteno,t
Chirostenot,e
Chirostenote,s
Chirostenotes,#
C,h
Ch,u
Chu,b
Chub,u
Chubu,t
Chubut,i
Chubuti,s
Chubutis,a
Chubutisa,u
Chubutisau,r
Chubutisaur,u
Chubutisauru,s
Chubutisaurus,#
C,h
Ch,u
Chu,n
Chun,g
Chung,k
Chungk,i
Chungki,n
Chungkin,g
Chungking,o
Chungkingo,s
Chungkingos,a
Chungkingosa,u
Chungkingosau,r
Chungkingosaur,u
Chungkingosauru,s
Chungkingosaurus,#
C,i
Ci,t
Cit,i
Citi,p
Citip,a
Citipa,t
Citipat,i
Citipati,#
C,o
Co,e
Coe,l
Coel,o
Coelo,p
Coelop,h
Coeloph,y
Coelophy,s
Coelophys,i
Coelophysi,s
Coelophysis,#
C,o
Co,e
Coe,l
Coel,u
Coelu,r
Coelur,u
Coeluru,s
Coelurus,#
C,o
Co,l
Col,o
Colo,r
Color,a
Colora,d
Colorad,i
Coloradi,s
Coloradis,a
Coloradisa,u
Coloradisau,r
Coloradisaur,u
Coloradisauru,s
Coloradisaurus,#
C,o
Co,m
Com,p
Comp,s
Comps,o
Compso,g
Compsog,n
Compsogn,a
Compsogna,t
Compsognat,h
Compsognath,u
Compsognathu,s
Compsognathus,#
C,o
Co,n
Con,c
Conc,a
Conca,v
Concav,e
Concave,n
Concaven,a
Concavena,t
Concavenat,o
Concavenato,r
Concavenator,#
C,o
Co,n
Con,c
Conc,h
Conch,o
Concho,r
Conchor,a
Conchora,p
Conchorap,t
Conchorapt,o
Conchorapto,r
Conchoraptor,#
C,o
Co,n
Con,f
Conf,u
Confu,c
Confuc,i
Confuci,u
Confuciu,s
Confucius,o
Confuciuso,r
Confuciusor,n
Confuciusorn,i
Confuciusorni,s
Confuciusornis,#
C,o
Co,r
Cor,y
Cory,t
Coryt,h
Coryth,o
Corytho,s
Corythos,a
Corythosa,u
Corythosau,r
Corythosaur,u
Corythosauru,s
Corythosaurus,#
C,r
Cr,y
Cry,o
Cryo,l
Cryol,o
Cryolo,p
Cryolop,h
Cryoloph,o
Cryolopho,s
Cryolophos,a
Cryolophosa,u
Cryolophosau,r
Cryolophosaur,u
Cryolophosauru,s
Cryolophosaurus,#
D,a
Da,c
Dac,e
Dace,n
Dacen,t
Dacent,r
Dacentr,u
Dacentru,r
Dacentrur,u
Dacentruru,s
Dacentrurus,#
D,a
Da,s
Das,p
Dasp,l
Daspl,e
Dasple,t
Dasplet,o
Daspleto,s
Daspletos,a
Daspletosa,u
Daspletosau,r
Daspletosaur,u
Daspletosauru,s
Daspletosaurus,#
D,a
Da,t
Dat,o
Dato,u
Datou,s
Datous,a
Datousa,u
Datousau,r
Datousaur,u
Datousauru,s
Datousaurus,#
D,e
De,i
Dei,n
Dein,o
Deino,c
Deinoc,h
Deinoch,e
Deinoche,i
Deinochei,r
Deinocheir,u
Deinocheiru,s
Deinocheirus,#
D,e
De,i
Dei,n
Dein,o
Deino,n
Deinon,y
Deinony,c
Deinonyc,h
Deinonych,u
Deinonychu,s
Deinonychus,#
D,e
De,l
Del,t
Delt,a
Delta,d
Deltad,r
Deltadr,o
Deltadro,m
Deltadrom,e
Deltadrome,u
Deltadromeu,s
Deltadromeus,#
D,i
Di,c
Dic,r
Dicr,a
Dicra,e
Dicrae,o
Dicraeo,s
Dicraeos,a
Dicraeosa,u
Dicraeosau,r
Dicraeosaur,u
Dicraeosauru,s
Dicraeosaurus,#
D,i
Di,l
Dil,o
Dilo,p
Dilop,h
Diloph,o
Dilopho,s
Dilophos,a
Dilophosa,u
Dilophosau,r
Dilophosaur,u
Dilophosauru,s
Dilophosaurus,#
D,i
Di,p
Dip,l
Dipl,o
Diplo,d
Diplod,o
Diplodo,c
Diplodoc,u
Diplodocu,s
Diplodocus,#
D,r
Dr,a
Dra,c
Drac,o
Draco,r
Dracor,e
Dracore,x
Dracorex,#
D,r
Dr,e
Dre,a
Drea,d
Dread,n
Dreadn,o
Dreadno,u
Dreadnou,g
Dreadnoug,h
Dreadnough,t
Dreadnought,u
Dreadnoughtu,s
Dreadnoughtus,#
D,r
Dr,o
Dro,m
Drom,a
Droma,e
Dromae,o
Dromaeo,s
Dromaeos,a
Dromaeosa,u
Dromaeosau,r
Dromaeosaur,u
Dromaeosauru,s
Dromaeosaurus,#
D,r
Dr,o
Dro,m
Drom,i
Dromi,c
Dromic,e
Dromice,i
Dromicei,o
Dromiceio,m
Dromiceiom,i
Dromiceiomi,m
Dromiceiomim,u
Dromiceiomimu,s
Dromiceiomimus,#
D,r
Dr,y
Dry,o
Dryo,s
Dryos,a
Dryosa,u
Dryosau,r
Dryosaur,u
Dryosauru,s
Dryosaurus,#
D,r
Dr,y
Dry,p
Dryp,t
Drypt,o
Drypto,s
Dryptos,a
Dryptosa,u
Dryptosau,r
Dryptosaur,u
Dryptosauru,s
Dryptosaurus,#
D,u
Du,b
Dub,r
Dubr,e
Dubre,u
Dubreu,i
Dubreui,l
Dubreuil,l
Dubreuill,o
Dubreuillo,s
Dubreuillos,a
Dubreuillosa,u
Dubreuillosau,r
Dubreuillosaur,u
Dubreuillosauru,s
Dubreuillosaurus,#
E,d
Ed,m
Edm,o
Edmo,n
Edmon,t
Edmont,o
Edmonto,n
Edmonton,i
Edmontoni,a
Edmontonia,#
E,d
Ed,m
Edm,o
Edmo,n
Edmon,t
Edmont,o
Edmonto,s
Edmontos,a
Edmontosa,u
Edmontosau,r
Edmontosaur,u
Edmontosauru,s
Edmontosaurus,#
E,i
Ei,n
Ein,i
Eini,o
Einio,s
Einios,a
Einiosa,u
Einiosau,r
Einiosaur,u
Einiosauru,s
Einiosaurus,#
E,l
El,a
Ela,p
Elap,h
Elaph,r
Elaphr,o
Elaphro,s
Elaphros,a
Elaphrosa,u
Elaphrosau,r
Elaphrosaur,u
Elaphrosauru,s
Elaphrosaurus,#
E,m
Em,a
Ema,u
Emau,s
Emaus,a
Emausa,u
Emausau,r
Emausaur,u
Emausauru,s
Emausaurus,#
E,o
Eo,l
Eol,a
Eola,m
Eolam,b
Eolamb,i
Eolambi,a
Eolambia,#
E,o
Eo,r
Eor,a
Eora,p
Eorap,t
Eorapt,o
Eorapto,r
Eoraptor,#
E,o
Eo,t
Eot,y
Eoty,r
Eotyr,a
Eotyra,n
Eotyran,n
Eotyrann,u
Eotyrannu,s
Eotyrannus,#
E,q
Eq,u
Equ,i
Equi,j
Equij,u
Equiju,b
Equijub,u
Equijubu,s
Equijubus,#
E,r
Er,k
Erk,e
Erke,t
Erket,u
Erketu,#
E,r
Er,l
Erl,i
Erli,k
Erlik,o
Erliko,s
Erlikos,a
Erlikosa,u
Erlikosau,r
Erlikosaur,u
Erlikosauru,s
Erlikosaurus,#
E,u
Eu,h
Euh,e
Euhe,l
Euhel,o
Euhelo,p
Euhelop,u
Euhelopu,s
Euhelopus,#
E,u
Eu,o
Euo,p
Euop,l
Euopl,o
Euoplo,c
Euoploc,e
Euoploce,p
Euoplocep,h
Euoploceph,a
Euoplocepha,l
Euoplocephal,u
Euoplocephalu,s
Euoplocephalus,#
E,u
Eu,r
Eur,o
Euro,p
Europ,a
Europa,s
Europas,a
Europasa,u
Europasau,r
Europasaur,u
Europasauru,s
Europasaurus,#
E,u
Eu,s
Eus,t
Eust,r
Eustr,e
Eustre,p
Eustrep,t
Eustrept,o
Eustrepto,s
Eustreptos,p
Eustreptosp,o
Eustreptospo,n
Eustreptospon,d
Eustreptospond,y
Eustreptospondy,l
Eustreptospondyl,u
Eustreptospondylu,s
Eustreptospondylus,#
F,u
Fu,k
Fuk,u
Fuku,i
Fukui,r
Fukuir,a
Fukuira,p
Fukuirap,t
Fukuirapt,o
Fukuirapto,r
Fukuiraptor,#
F,u
Fu,k
Fuk,u
Fuku,i
Fukui,s
Fukuis,a
Fukuisa,u
Fukuisau,r
Fukuisaur,u
Fukuisauru,s
Fukuisaurus,#
G,a
Ga,l
Gal,l
Gall,i
Galli,m
Gallim,i
Gallimi,m
Gallimim,u
Gallimimu,s
Gallimimus,#
G,a
Ga,r
Gar,g
Garg,o
Gargo,y
Gargoy,l
Gargoyl,e
Gargoyle,o
Gargoyleo,s
Gargoyleos,a
Gargoyleosa,u
Gargoyleosau,r
Gargoyleosaur,u
Gargoyleosauru,s
Gargoyleosaurus,#
G,a
Ga,r
Gar,u
Garu,d
Garud,i
Garudi,m
Garudim,i
Garudimi,m
Garudimim,u
Garudimimu,s
Garudimimus,#
G,a
Ga,s
Gas,o
Gaso,s
Gasos,a
Gasosa,u
Gasosau,r
Gasosaur,u
Gasosauru,s
Gasosaurus,#
G,a
Ga,s
Gas,p
Gasp,a
Gaspa,r
Gaspar,i
Gaspari,n
Gasparin,i
Gasparini,s
Gasparinis,a
Gasparinisa,u
Gasparinisau,r
Gasparinisaur,a
Gasparinisaura,#
G,a
Ga,s
Gas,t
Gast,o
Gasto,n
Gaston,i
Gastoni,a
Gastonia,#
G,i
Gi,g
Gig,a
Giga,n
Gigan,o
Gigano,t
Giganot,o
Giganoto,s
Giganotos,a
Giganotosa,u
Giganotosau,r
Giganotosaur,u
Giganotosauru,s
Giganotosaurus,#
G,i
Gi,g
Gig,a
Giga,n
Gigan,t
Gigant,o
Giganto,r
Gigantor,a
Gigantora,p
Gigantorap,t
Gigantorapt,o
Gigantorapto,r
Gigantoraptor,#
G,i
Gi,l
Gil,m
Gilm,o
Gilmo,r
Gilmor,e
Gilmore,o
Gilmoreo,s
Gilmoreos,a
Gilmoreosa,u
Gilmoreosau,r
Gilmoreosaur,u
Gilmoreosauru,s
Gilmoreosaurus,#
G,i
Gi,r
Gir,a
Gira,f
Giraf,f
Giraff,a
Giraffa,t
Giraffat,i
Giraffati,t
Giraffatit,a
Giraffatita,n
Giraffatitan,#
G,o
Go,b
Gob,i
Gobi,s
Gobis,a
Gobisa,u
Gobisau,r
Gobisaur,u
Gobisauru,s
Gobisaurus,#
G,o
Go,r
Gor,g
Gorg,o
Gorgo,s
Gorgos,a
Gorgosa,u
Gorgosau,r
Gorgosaur,u
Gorgosauru,s
Gorgosaurus,#
G,o
Go,y
Goy,o
Goyo,c
Goyoc,e
Goyoce,p
Goyocep,h
Goyoceph,a
Goyocepha,l
Goyocephal,e
Goyocephale,#
G,r
Gr,a
Gra,c
Grac,i
Graci,l
Gracil,i
Gracili,c
Gracilic,e
Gracilice,r
Gracilicer,a
Gracilicera,t
Gracilicerat,o
Gracilicerato,p
Graciliceratop,s
Graciliceratops,#
G,r
Gr,y
Gry,p
Gryp,o
Grypo,s
Grypos,a
Gryposa,u
Gryposau,r
Gryposaur,u
Gryposauru,s
Gryposaurus,#
G,u
Gu,a
Gua,i
Guai,b
Guaib,a
Guaiba,s
Guaibas,a
Guaibasa,u
Guaibasau,r
Guaibasaur,u
Guaibasauru,s
Guaibasaurus,#
G,u
Gu,a
Gua,n
Guan,l
Guanl,o
Guanlo,n
Guanlon,g
Guanlong,#
H,a
Ha,d
Had,r
Hadr,o
Hadro,s
Hadros,a
Hadrosa,u
Hadrosau,r
Hadrosaur,u
Hadrosauru,s
Hadrosaurus,#
H,a
Ha,g
Hag,r
Hagr,y
Hagry,p
Hagryp,h
Hagryph,u
Hagryphu,s
Hagryphus,#
H,a
Ha,p
Hap,l
Hapl,o
Haplo,c
Haploc,a
Haploca,n
Haplocan,t
Haplocant,h
Haplocanth,o
Haplocantho,s
Haplocanthos,a
Haplocanthosa,u
Haplocanthosau,r
Haplocanthosaur,u
Haplocanthosauru,s
Haplocanthosaurus,#
H,a
Ha,r
Har,p
Harp,y
Harpy,m
Harpym,i
Harpymi,m
Harpymim,u
Harpymimu,s
Harpymimus,#
H,e
He,r
Her,r
Herr,e
Herre,r
Herrer,a
Herrera,s
Herreras,a
Herrerasa,u
Herrerasau,r
Herrerasaur,u
Herrerasauru,s
Herrerasaurus,#
H,e
He,s
Hes,p
Hesp,e
Hespe,r
Hesper,o
Hespero,s
Hesperos,a
Hesperosa,u
Hesperosau,r
Hesperosaur,u
Hesperosauru,s
Hesperosaurus,#
H,e
He,t
Het,e
Hete,r
Heter,o
Hetero,d
Heterod,o
Heterodo,n
Heterodon,t
Heterodont,o
Heterodonto,s
Heterodontos,a
Heterodontosa,u
Heterodontosau,r
Heterodontosaur,u
Heterodontosauru,s
Heterodontosaurus,#
H,e
He,y
Hey,u
Heyu,a
Heyua,n
Heyuan,n
Heyuann,i
Heyuanni,a
Heyuannia,#
H,o
Ho,m
Hom,a
Homa,l
Homal,o
Homalo,c
Homaloc,e
Homaloce,p
Homalocep,h
Homaloceph,a
Homalocepha,l
Homalocephal,e
Homalocephale,#
H,u
Hu,a
Hua,y
Huay,a
Huaya,n
Huayan,g
Huayang,o
Huayango,s
Huayangos,a
Huayangosa,u
Huayangosau,r
Huayangosaur,u
Huayangosauru,s
Huayangosaurus,#
H,y
Hy,l
Hyl,a
Hyla,e
Hylae,o
Hylaeo,s
Hylaeos,a
Hylaeosa,u
Hylaeosau,r
Hylaeosaur,u
Hylaeosauru,s
Hylaeosaurus,#
H,y
Hy,p
Hyp,a
Hypa,c
Hypac,r
Hypacr,o
Hypacro,s
Hypacros,a
Hypacrosa,u
Hypacrosau,r
Hypacrosaur,u
Hypacrosauru,s
Hypacrosaurus,#
H,y
Hy,p
Hyp,s
Hyps,i
Hypsi,l
Hypsil,o
Hypsilo,p
Hypsilop,h
Hypsiloph,o
Hypsilopho,d
Hypsilophod,o
Hypsilophodo,n
Hypsilophodon,#
I,g
Ig,u
Igu,a
Igua,n
Iguan,o
Iguano,d
Iguanod,o
Iguanodo,n
Iguanodon,#
I,n
In,d
Ind,o
Indo,s
Indos,u
Indosu,c
Indosuc,h
Indosuch,u
Indosuchu,s
Indosuchus,#
I,r
Ir,r
Irr,i
Irri,t
Irrit,a
Irrita,t
Irritat,o
Irritato,r
Irritator,#
I,s
Is,i
Isi,s
Isis,a
Isisa,u
Isisau,r
Isisaur,u
Isisauru,s
Isisaurus,#
J,a
Ja,n
Jan,e
Jane,n
Janen,s
Janens,c
Janensc,h
Janensch,i
Janenschi,a
Janenschia,#
J,a
Ja,x
Jax,a
Jaxa,r
Jaxar,t
Jaxart,o
Jaxarto,s
Jaxartos,a
Jaxartosa,u
Jaxartosau,r
Jaxartosaur,u
Jaxartosauru,s
Jaxartosaurus,#
J,i
Ji,n
Jin,g
Jing,s
Jings,h
Jingsh,a
Jingsha,n
Jingshan,o
Jingshano,s
Jingshanos,a
Jingshanosa,u
Jingshanosau,r
Jingshanosaur,u
Jingshanosauru,s
Jingshanosaurus,#
J,i
Ji,n
Jin,z
Jinz,h
Jinzh,o
Jinzho,u
Jinzhou,s
Jinzhous,a
Jinzhousa,u
Jinzhousau,r
Jinzhousaur,u
Jinzhousauru,s
Jinzhousaurus,#
J,o
Jo,b
Job,a
Joba,r
Jobar,i
Jobari,a
Jobaria,#
J,u
Ju,r
Jur,a
Jura,v
Jurav,e
Jurave,n
Juraven,a
Juravena,t
Juravenat,o
Juravenato,r
Juravenator,#
K,e
Ke,n
Ken,t
Kent,r
Kentr,o
Kentro,s
Kentros,a
Kentrosa,u
Kentrosau,r
Kentrosaur,u
Kentrosauru,s
Kentrosaurus,#
K,h
Kh,a
Kha,a
Khaa,n
Khaan,#
K,o
Ko,t
Kot,a
Kota,s
Kotas,a
Kotasa,u
Kotasau,r
Kotasaur,u
Kotasauru,s
Kotasaurus,#
K,r
Kr,i
Kri,t
Krit,o
Krito,s
Kritos,a
Kritosa,u
Kritosau,r
Kritosaur,u
Kritosauru,s
Kritosaurus,#
L,a
La,m
Lam,b
Lamb,e
Lambe,o
Lambeo,s
Lambeos,a
Lambeosa,u
Lambeosau,r
Lambeosaur,u
Lambeosauru,s
Lambeosaurus,#
L,a
La,p
Lap,p
Lapp,a
Lappa,r
Lappar,e
Lappare,n
Lapparen,t
Lapparent,o
Lapparento,s
Lapparentos,a
Lapparentosa,u
Lapparentosau,r
Lapparentosaur,u
Lapparentosauru,s
Lapparentosaurus,#
L,e
Le,a
Lea,e
Leae,l
Leael,l
Leaell,y
Leaelly,n
Leaellyn,a
Leaellyna,s
Leaellynas,a
Leaellynasa,u
Leaellynasau,r
Leaellynasaur,a
Leaellynasaura,#
L,e
Le,p
Lep,t
Lept,o
Lepto,c
Leptoc,e
Leptoce,r
Leptocer,a
Leptocera,t
Leptocerat,o
Leptocerato,p
Leptoceratop,s
Leptoceratops,#
L,e
Le,s
Les,o
Leso,t
Lesot,h
Lesoth,o
Lesotho,s
Lesothos,a
Lesothosa,u
Lesothosau,r
Lesothosaur,u
Lesothosauru,s
Lesothosaurus,#
L,i
Li,a
Lia,o
Liao,c
Liaoc,e
Liaoce,r
Liaocer,a
Liaocera,t
Liaocerat,o
Liaocerato,p
Liaoceratop,s
Liaoceratops,#
L,i
Li,g
Lig,a
Liga,b
Ligab,u
Ligabu,e
Ligabue,s
Ligabues,a
Ligabuesa,u
Ligabuesau,r
Ligabuesaur,u
Ligabuesauru,s
Ligabuesaurus,#
L,i
Li,l
Lil,i
Lili,e
Lilie,n
Lilien,s
Liliens,t
Lilienst,e
Lilienste,r
Lilienster,n
Lilienstern,u
Liliensternu,s
Liliensternus,#
L,o
Lo,p
Lop,h
Loph,o
Lopho,r
Lophor,h
Lophorh,o
Lophorho,t
Lophorhot,h
Lophorhoth,o
Lophorhotho,n
Lophorhothon,#
L,o
Lo,p
Lop,h
Loph,o
Lopho,s
Lophos,t
Lophost,r
Lophostr,o
Lophostro,p
Lophostrop,h
Lophostroph,e
Lophostrophe,u
Lophostropheu,s
Lophostropheus,#
L,u
Lu,f
Luf,e
Lufe,n
Lufen,g
Lufeng,o
Lufengo,s
Lufengos,a
Lufengosa,u
Lufengosau,r
Lufengosaur,u
Lufengosauru,s
Lufengosaurus,#
L,u
Lu,r
Lur,d
Lurd,u
Lurdu,s
Lurdus,a
Lurdusa,u
Lurdusau,r
Lurdusaur,u
Lurdusauru,s
Lurdusaurus,#
L,y
Ly,c
Lyc,o
Lyco,r
Lycor,h
Lycorh,i
Lycorhi,n
Lycorhin,u
Lycorhinu,s
Lycorhinus,#
M,a
Ma,g
Mag,y
Magy,a
Magya,r
Magyar,o
Magyaro,s
Magyaros,a
Magyarosa,u
Magyarosau,r
Magyarosaur,u
Magyarosauru,s
Magyarosaurus,#
M,a
Ma,i
Mai,a
Maia,s
Maias,a
Maiasa,u
Maiasau,r
Maiasaur,a
Maiasaura,#
M,a
Ma,j
Maj,u
Maju,n
Majun,g
Majung,a
Majunga,s
Majungas,a
Majungasa,u
Majungasau,r
Majungasaur,u
Majungasauru,s
Majungasaurus,#
M,a
Ma,l
Mal,a
Mala,w
Malaw,i
Malawi,s
Malawis,a
Malawisa,u
Malawisau,r
Malawisaur,u
Malawisauru,s
Malawisaurus,#
M,a
Ma,m
Mam,e
Mame,n
Mamen,c
Mamenc,h
Mamench,i
Mamenchi,s
Mamenchis,a
Mamenchisa,u
Mamenchisau,r
Mamenchisaur,u
Mamenchisauru,s
Mamenchisaurus,#
M,a
Ma,p
Map,u
Mapu,s
Mapus,a
Mapusa,u
Mapusau,r
Mapusaur,u
Mapusauru,s
Mapusaurus,#
M,a
Ma,r
Mar,s
Mars,h
Marsh,o
Marsho,s
Marshos,a
Marshosa,u
Marshosau,r
Marshosaur,u
Marshosauru,s
Marshosaurus,#
M,a
Ma,s
Mas,i
Masi,a
Masia,k
Masiak,a
Masiaka,s
Masiakas,a
Masiakasa,u
Masiakasau,r
Masiakasaur,u
Masiakasauru,s
Masiakasaurus,#
M,a
Ma,s
Mas,s
Mass,o
Masso,s
Massos,p
Massosp,o
Massospo,n
Massospon,d
Massospond,y
Massospondy,l
Massospondyl,u
Massospondylu,s
Massospondylus,#
M,a
Ma,x
Max,a
Maxa,k
Maxak,a
Maxaka,l
Maxakal,i
Maxakali,s
Maxakalis,a
Maxakalisa,u
Maxakalisau,r
Maxakalisaur,u
Maxakalisauru,s
Maxakalisaurus,#
M,e
Me,g
Meg,a
Mega,l
Megal,o
Megalo,s
Megalos,a
Megalosa,u
Megalosau,r
Megalosaur,u
Megalosauru,s
Megalosaurus,#
M,e
Me,l
Mel,a
Mela,n
Melan,o
Melano,r
Melanor,o
Melanoro,s
Melanoros,a
Melanorosa,u
Melanorosau,r
Melanorosaur,u
Melanorosauru,s
Melanorosaurus,#
M,e
Me,t
Met,r
Metr,i
Metri,a
Metria,c
Metriac,a
Metriaca,n
Metriacan,t
Metriacant,h
Metriacanth,o
Metriacantho,s
Metriacanthos,a
Metriacanthosa,u
Metriacanthosau,r
Metriacanthosaur,u
Metriacanthosauru,s
Metriacanthosaurus,#
M,i
Mi,c
Mic,r
Micr,o
Micro,c
Microc,e
Microce,r
Microcer,a
Microcera,t
Microcerat,u
Microceratu,s
Microceratus,#
M,i
Mi,c
Mic,r
Micr,o
Micro,p
Microp,a
Micropa,c
Micropac,h
Micropach,y
Micropachy,c
Micropachyc,e
Micropachyce,p
Micropachycep,h
Micropachyceph,a
Micropachycepha,l
Micropachycephal,o
Micropachycephalo,s
Micropachycephalos,a
Micropachycephalosa,u
Micropachycephalosau,r
Micropachycephalosaur,u
Micropachycephalosauru,s
Micropachycephalosaurus,#
M,i
Mi,c
Mic,r
Micr,o
Micro,r
Micror,a
Microra,p
Microrap,t
Microrapt,o
Microrapto,r
Microraptor,#
M,i
Mi,n
Min,m
Minm,i
Minmi,#
M,o
Mo,n
Mon,o
Mono,l
Monol,o
Monolo,p
Monolop,h
Monoloph,o
Monolopho,s
Monolophos,a
Monolophosa,u
Monolophosau,r
Monolophosaur,u
Monolophosauru,s
Monolophosaurus,#
M,o
Mo,n
Mon,o
Mono,n
Monon,y
Monony,k
Mononyk,u
Mononyku,s
Mononykus,#
M,u
Mu,s
Mus,s
Muss,a
Mussa,u
Mussau,r
Mussaur,u
Mussauru,s
Mussaurus,#
M,u
Mu,t
Mut,t
Mutt,a
Mutta,b
Muttab,u
Muttabu,r
Muttabur,r
Muttaburr,a
Muttaburra,s
Muttaburras,a
Muttaburrasa,u
Muttaburrasau,r
Muttaburrasaur,u
Muttaburrasauru,s
Muttaburrasaurus,#
N,a
Na,n
Nan,s
Nans,h
Nansh,i
Nanshi,u
Nanshiu,n
Nanshiun,g
Nanshiung,o
Nanshiungo,s
Nanshiungos,a
Nanshiungosa,u
Nanshiungosau,r
Nanshiungosaur,u
Nanshiungosauru,s
Nanshiungosaurus,#
N,e
Ne,d
Ned,o
Nedo,c
Nedoc,e
Nedoce,r
Nedocer,a
Nedocera,t
Nedocerat,o
Nedocerato,p
Nedoceratop,s
Nedoceratops,#
N,e
Ne,m
Nem,e
Neme,g
Nemeg,t
Nemegt,o
Nemegto,s
Nemegtos,a
Nemegtosa,u
Nemegtosau,r
Nemegtosaur,u
Nemegtosauru,s
Nemegtosaurus,#
N,e
Ne,o
Neo,v
Neov,e
Neove,n
Neoven,a
Neovena,t
Neovenat,o
Neovenato,r
Neovenator,#
N,e
Ne,u
Neu,q
Neuq,u
Neuqu,e
Neuque,n
Neuquen,s
Neuquens,a
Neuquensa,u
Neuquensau,r
Neuquensaur,u
Neuquensauru,s
Neuquensaurus,#
N,i
Ni,g
Nig,e
Nige,r
Niger,s
Nigers,a
Nigersa,u
Nigersau,r
Nigersaur,u
Nigersauru,s
Nigersaurus,#
N,i
Ni,p
Nip,p
Nipp,o
Nippo,n
Nippon,o
Nippono,s
Nipponos,a
Nipponosa,u
Nipponosau,r
Nipponosaur,u
Nipponosauru,s
Nipponosaurus,#
N,o
No,a
Noa,s
Noas,a
Noasa,u
Noasau,r
Noasaur,u
Noasauru,s
Noasaurus,#
N,o
No,d
Nod,o
Nodo,s
Nodos,a
Nodosa,u
Nodosau,r
Nodosaur,u
Nodosauru,s
Nodosaurus,#
N,o
No,m
Nom,i
Nomi,n
Nomin,g
Noming,i
Nomingi,a
Nomingia,#
N,o
No,t
Not,h
Noth,r
Nothr,o
Nothro,n
Nothron,y
Nothrony,c
Nothronyc,h
Nothronych,u
Nothronychu,s
Nothronychus,#
N,q
Nq,w
Nqw,e
Nqwe,b
Nqweb,a
Nqweba,s
Nqwebas,a
Nqwebasa,u
Nqwebasau,r
Nqwebasaur,u
Nqwebasauru,s
Nqwebasaurus,#
O,m
Om,e
Ome,i
Omei,s
Omeis,a
Omeisa,u
Omeisau,r
Omeisaur,u
Omeisauru,s
Omeisaurus,#
O,p
Op,i
Opi,s
Opis,t
Opist,h
Opisth,o
Opistho,c
Opisthoc,o
Opisthoco,e
Opisthocoe,l
Opisthocoel,i
Opisthocoeli,c
Opisthocoelic,a
Opisthocoelica,u
Opisthocoelicau,d
Opisthocoelicaud,i
Opisthocoelicaudi,a
Opisthocoelicaudia,#
O,r
Or,n
Orn,i
Orni,t
Ornit,h
Ornith,o
Ornitho,l
Ornithol,e
Ornithole,s
Ornitholes,t
Ornitholest,e
Ornitholeste,s
Ornitholestes,#
O,r
Or,n
Orn,i
Orni,t
Ornit,h
Ornith,o
Ornitho,m
Ornithom,i
Ornithomi,m
Ornithomim,u
Ornithomimu,s
Ornithomimus,#
O,r
Or,o
Oro,d
Orod,r
Orodr,o
Orodro,m
Orodrom,e
Orodrome,u
Orodromeu,s
Orodromeus,#
O,r
Or,y
Ory,c
Oryc,t
Oryct,o
Orycto,d
Oryctod,r
Oryctodr,o
Oryctodro,m
Oryctodrom,e
Oryctodrome,u
Oryctodromeu,s
Oryctodromeus,#
O,t
Ot,h
Oth,n
Othn,i
Othni,e
Othnie,l
Othniel,i
Othnieli,a
Othnielia,#
O,u
Ou,r
Our,a
Oura,n
Ouran,o
Ourano,s
Ouranos,a
Ouranosa,u
Ouranosau,r
Ouranosaur,u
Ouranosauru,s
Ouranosaurus,#
O,v
Ov,i
Ovi,r
Ovir,a
Ovira,p
Ovirap,t
Ovirapt,o
Ovirapto,r
Oviraptor,#
P,a
Pa,c
Pac,h
Pach,y
Pachy,c
Pachyc,e
Pachyce,p
Pachycep,h
Pachyceph,a
Pachycepha,l
Pachycephal,o
Pachycephalo,s
Pachycephalos,a
Pachycephalosa,u
Pachycephalosau,r
Pachycephalosaur,u
Pachycephalosauru,s
Pachycephalosaurus,#
P,a
Pa,c
Pac,h
Pach,y
Pachy,r
Pachyr,h
Pachyrh,i
Pachyrhi,n
Pachyrhin,o
Pachyrhino,s
Pachyrhinos,a
Pachyrhinosa,u
Pachyrhinosau,r
Pachyrhinosaur,u
Pachyrhinosauru,s
Pachyrhinosaurus,#
P,a
Pa,n
Pan,o
Pano,p
Panop,l
Panopl,o
Panoplo,s
Panoplos,a
Panoplosa,u
Panoplosau,r
Panoplosaur,u
Panoplosauru,s
Panoplosaurus,#
P,a
Pa,n
Pan,t
Pant,y
Panty,d
Pantyd,r
Pantydr,a
Pantydra,c
Pantydrac,o
Pantydraco,#
P,a
Pa,r
Par,a
Para,l
Paral,i
Parali,t
Paralit,i
Paraliti,t
Paralitit,a
Paralitita,n
Paralititan,#
P,a
Pa,r
Par,a
Para,s
Paras,a
Parasa,u
Parasau,r
Parasaur,o
Parasauro,l
Parasaurol,o
Parasaurolo,p
Parasaurolop,h
Parasauroloph,u
Parasaurolophu,s
Parasaurolophus,#
P,a
Pa,r
Par,k
Park,s
Parks,o
Parkso,s
Parksos,a
Parksosa,u
Parksosau,r
Parksosaur,u
Parksosauru,s
Parksosaurus,#
P,a
Pa,t
Pat,a
Pata,g
Patag,o
Patago,s
Patagos,a
Patagosa,u
Patagosau,r
Patagosaur,u
Patagosauru,s
Patagosaurus,#
P,a
Pa,t
Pat,a
Pata,g
Patag,o
Patago,t
Patagot,i
Patagoti,t
Patagotit,a
Patagotita,n
Patagotitan,#
P,e
Pe,l
Pel,e
Pele,c
Pelec,a
Peleca,n
Pelecan,i
Pelecani,m
Pelecanim,i
Pelecanimi,m
Pelecanimim,u
Pelecanimimu,s
Pelecanimimus,#
P,e
Pe,l
Pel,o
Pelo,r
Pelor,o
Peloro,s
Peloros,a
Pelorosa,u
Pelorosau,r
Pelorosaur,u
Pelorosauru,s
Pelorosaurus,#
P,e
Pe,n
Pen,t
Pent,a
Penta,c
Pentac,e
Pentace,r
Pentacer,a
Pentacera,t
Pentacerat,o
Pentacerato,p
Pentaceratop,s
Pentaceratops,#
P,i
Pi,a
Pia,t
Piat,n
Piatn,i
Piatni,t
Piatnit,z
Piatnitz,k
Piatnitzk,y
Piatnitzky,s
Piatnitzkys,a
Piatnitzkysa,u
Piatnitzkysau,r
Piatnitzkysaur,u
Piatnitzkysauru,s
Piatnitzkysaurus,#
P,i
Pi,n
Pin,a
Pina,c
Pinac,o
Pinaco,s
Pinacos,a
Pinacosa,u
Pinacosau,r
Pinacosaur,u
Pinacosauru,s
Pinacosaurus,#
P,l
Pl,a
Pla,t
Plat,e
Plate,o
Plateo,s
Plateos,a
Plateosa,u
Plateosau,r
Plateosaur,u
Plateosauru,s
Plateosaurus,#
P,o
Po,d
Pod,o
Podo,k
Podok,e
Podoke,s
Podokes,a
Podokesa,u
Podokesau,r
Podokesaur,u
Podokesauru,s
Podokesaurus,#
P,o
Po,e
Poe,k
Poek,i
Poeki,l
Poekil,o
Poekilo,p
Poekilop,l
Poekilopl,e
Poekilople,u
Poekilopleu,r
Poekilopleur,o
Poekilopleuro,n
Poekilopleuron,#
P,o
Po,l
Pol,a
Pola,c
Polac,a
Polaca,n
Polacan,t
Polacant,h
Polacanth,u
Polacanthu,s
Polacanthus,#
P,r
Pr,e
Pre,n
Pren,o
Preno,c
Prenoc,e
Prenoce,p
Prenocep,h
Prenoceph,a
Prenocepha,l
Prenocephal,e
Prenocephale,#
P,r
Pr,o
Pro,b
Prob,a
Proba,c
Probac,t
Probact,r
Probactr,o
Probactro,s
Probactros,a
Probactrosa,u
Probactrosau,r
Probactrosaur,u
Probactrosauru,s
Probactrosaurus,#
P,r
Pr,o
Pro,c
Proc,e
Proce,r
Procer,a
Procera,t
Procerat,o
Procerato,s
Proceratos,a
Proceratosa,u
Proceratosau,r
Proceratosaur,u
Proceratosauru,s
Proceratosaurus,#
P,r
Pr,o
Pro,c
Proc,o
Proco,m
Procom,p
Procomp,s
Procomps,o
Procompso,g
Procompsog,n
Procompsogn,a
Procompsogna,t
Procompsognat,h
Procompsognath,u
Procompsognathu,s
Procompsognathus,#
P,r
Pr,o
Pro,s
Pros,a
Prosa,u
Prosau,r
Prosaur,o
Prosauro,l
Prosaurol,o
Prosaurolo,p
Prosaurolop,h
Prosauroloph,u
Prosaurolophu,s
Prosaurolophus,#
P,r
Pr,o
Pro,t
Prot,a
Prota,r
Protar,c
Protarc,h
Protarch,a
Protarcha,e
Protarchae,o
Protarchaeo,p
Protarchaeop,t
Protarchaeopt,e
Protarchaeopte,r
Protarchaeopter,y
Protarchaeoptery,x
Protarchaeopteryx,#
P,r
Pr,o
Pro,t
Prot,o
Proto,c
Protoc,e
Protoce,r
Protocer,a
Protocera,t
Protocerat,o
Protocerato,p
Protoceratop,s
Protoceratops,#
P,r
Pr,o
Pro,t
Prot,o
Proto,h
Protoh,a
Protoha,d
Protohad,r
Protohadr,o
Protohadro,s
Protohadros,#
P,s
Ps,i
Psi,t
Psit,t
Psitt,a
Psitta,c
Psittac,o
Psittaco,s
Psittacos,a
Psittacosa,u
Psittacosau,r
Psittacosaur,u
Psittacosauru,s
Psittacosaurus,#
P,u
Pu,e
Pue,r
Puer,t
Puert,a
Puerta,s
Puertas,a
Puertasa,u
Puertasau,r
Puertasaur,u
Puertasauru,s
Puertasaurus,#
P,y
Py,r
Pyr,o
Pyro,r
Pyror,a
Pyrora,p
Pyrorap,t
Pyrorapt,o
Pyrorapto,r
Pyroraptor,#
Q,u
Qu,a
Qua,e
Quae,s
Quaes,i
Quaesi,t
Quaesit,o
Quaesito,s
Quaesitos,a
Quaesitosa,u
Quaesitosau,r
Quaesitosaur,u
Quaesitosauru,s
Quaesitosaurus,#
R,a
Ra,j
Raj,a
Raja,s
Rajas,a
Rajasa,u
Rajasau,r
Rajasaur,u
Rajasauru,s
Rajasaurus,#
R,e
Re,b
Reb,b
Rebb,a
Rebba,c
Rebbac,h
Rebbach,i
Rebbachi,s
Rebbachis,a
Rebbachisa,u
Rebbachisau,r
Rebbachisaur,u
Rebbachisauru,s
Rebbachisaurus,#
R,h
Rh,a
Rha,b
Rhab,d
Rhabd,o
Rhabdo,d
Rhabdod,o
Rhabdodo,n
Rhabdodon,#
R,h
Rh,o
Rho,e
Rhoe,t
Rhoet,o
Rhoeto,s
Rhoetos,a
Rhoetosa,u
Rhoetosau,r
Rhoetosaur,u
Rhoetosauru,s
Rhoetosaurus,#
R,i
Ri,n
Rin,c
Rinc,h
Rinch,e
Rinche,n
Rinchen,i
Rincheni,a
Rinchenia,#
R,i
Ri,o
Rio,j
Rioj,a
Rioja,s
Riojas,a
Riojasa,u
Riojasau,r
Riojasaur,u
Riojasauru,s
Riojasaurus,#
R,u
Ru,g
Rug,o
Rugo,p
Rugop,s
Rugops,#
S,a
Sa,i
Sai,c
Saic,h
Saich,a
Saicha,n
Saichan,i
Saichani,a
Saichania,#
S,a
Sa,l
Sal,t
Salt,a
Salta,s
Saltas,a
Saltasa,u
Saltasau,r
Saltasaur,u
Saltasauru,s
Saltasaurus,#
S,a
Sa,r
Sar,c
Sarc,o
Sarco,s
Sarcos,a
Sarcosa,u
Sarcosau,r
Sarcosaur,u
Sarcosauru,s
Sarcosaurus,#
S,a
Sa,u
Sau,r
Saur,o
Sauro,l
Saurol,o
Saurolo,p
Saurolop,h
Sauroloph,u
Saurolophu,s
Saurolophus,#
S,a
Sa,u
Sau,r
Saur,o
Sauro,p
Saurop,e
Saurope,l
Sauropel,t
Sauropelt,a
Sauropelta,#
S,a
Sa,u
Sau,r
Saur,o
Sauro,p
Saurop,h
Sauroph,a
Sauropha,g
Saurophag,a
Saurophaga,n
Saurophagan,a
Saurophagana,x
Saurophaganax,#
S,a
Sa,u
Sau,r
Saur,o
Sauro,r
Sauror,n
Saurorn,i
Saurorni,t
Saurornit,h
Saurornith,o
Saurornitho,i
Saurornithoi,d
Saurornithoid,e
Saurornithoide,s
Saurornithoides,#
S,c
Sc,e
Sce,l
Scel,i
Sceli,d
Scelid,o
Scelido,s
Scelidos,a
Scelidosa,u
Scelidosau,r
Scelidosaur,u
Scelidosauru,s
Scelidosaurus,#
S,c
Sc,u
Scu,t
Scut,e
Scute,l
Scutel,l
Scutell,o
Scutello,s
Scutellos,a
Scutellosa,u
Scutellosau,r
Scutellosaur,u
Scutellosauru,s
Scutellosaurus,#
S,e
Se,c
Sec,e
Sece,r
Secer,n
Secern,o
Secerno,s
Secernos,a
Secernosa,u
Secernosau,r
Secernosaur,u
Secernosauru,s
Secernosaurus,#
S,e
Se,g
Seg,i
Segi,s
Segis,a
Segisa,u
Segisau,r
Segisaur,u
Segisauru,s
Segisaurus,#
S,e
Se,g
Seg,n
Segn,o
Segno,s
Segnos,a
Segnosa,u
Segnosau,r
Segnosaur,u
Segnosauru,s
Segnosaurus,#
S,h
Sh,a
Sha,m
Sham,o
Shamo,s
Shamos,a
Shamosa,u
Shamosau,r
Shamosaur,u
Shamosauru,s
Shamosaurus,#
S,h
Sh,a
Sha,n
Shan,a
Shana,g
Shanag,#
S,h
Sh,a
Sha,n
Shan,t
Shant,u
Shantu,n
Shantun,g
Shantung,o
Shantungo,s
Shantungos,a
Shantungosa,u
Shantungosau,r
Shantungosaur,u
Shantungosauru,s
Shantungosaurus,#
S,h
Sh,u
Shu,n
Shun,o
Shuno,s
Shunos,a
Shunosa,u
Shunosau,r
Shunosaur,u
Shunosauru,s
Shunosaurus,#
S,h
Sh,u
Shu,v
Shuv,u
Shuvu,u
Shuvuu,i
Shuvuui,a
Shuvuuia,#
S,i
Si,l
Sil,v
Silv,i
Silvi,s
Silvis,a
Silvisa,u
Silvisau,r
Silvisaur,u
Silvisauru,s
Silvisaurus,#
S,i
Si,n
Sin,o
Sino,c
Sinoc,a
Sinoca,l
Sinocal,l
Sinocall,i
Sinocalli,o
Sinocallio,p
Sinocalliop,t
Sinocalliopt,e
Sinocalliopte,r
Sinocalliopter,y
Sinocallioptery,x
Sinocalliopteryx,#
S,i
Si,n
Sin,o
Sino,r
Sinor,n
Sinorn,i
Sinorni,t
Sinornit,h
Sinornith,o
Sinornitho,s
Sinornithos,a
Sinornithosa,u
Sinornithosau,r
Sinornithosaur,u
Sinornithosauru,s
Sinornithosaurus,#
S,i
Si,n
Sin,o
Sino,s
Sinos,a
Sinosa,u
Sinosau,r
Sinosaur,o
Sinosauro,p
Sinosaurop,t
Sinosauropt,e
Sinosauropte,r
Sinosauropter,y
Sinosauroptery,x
Sinosauropteryx,#
S,i
Si,n
Sin,o
Sino,v
Sinov,e
Sinove,n
Sinoven,a
Sinovena,t
Sinovenat,o
Sinovenato,r
Sinovenator,#
S,i
Si,n
Sin,r
Sinr,a
Sinra,p
Sinrap,t
Sinrapt,o
Sinrapto,r
Sinraptor,#
S,o
So,n
Son,i
Soni,d
Sonid,o
Sonido,s
Sonidos,a
Sonidosa,u
Sonidosau,r
Sonidosaur,u
Sonidosauru,s
Sonidosaurus,#
S,p
Sp,i
Spi,n
Spin,o
Spino,s
Spinos,a
Spinosa,u
Spinosau,r
Spinosaur,u
Spinosauru,s
Spinosaurus,#
S,t
St,a
Sta,u
Stau,r
Staur,i
Stauri,k
Staurik,o
Stauriko,s
Staurikos,a
Staurikosa,u
Staurikosau,r
Staurikosaur,u
Staurikosauru,s
Staurikosaurus,#
S,t
St,e
Ste,g
Steg,o
Stego,c
Stegoc,e
Stegoce,r
Stegocer,a
Stegocera,s
Stegoceras,#
S,t
St,e
Ste,g
Steg,o
Stego,s
Stegos,a
Stegosa,u
Stegosau,r
Stegosaur,u
Stegosauru,s
Stegosaurus,#
S,t
St,e
Ste,n
Sten,o
Steno,n
Stenon,y
Stenony,c
Stenonyc,h
Stenonych,o
Stenonycho,s
Stenonychos,a
Stenonychosa,u
Stenonychosau,r
Stenonychosaur,u
Stenonychosauru,s
Stenonychosaurus,#
S,t
St,e
Ste,n
Sten,o
Steno,p
Stenop,e
Stenope,l
Stenopel,i
Stenopeli,x
Stenopelix,#
S,t
St,r
Str,u
Stru,t
Strut,h
Struth,i
Struthi,o
Struthio,m
Struthiom,i
Struthiomi,m
Struthiomim,u
Struthiomimu,s
Struthiomimus,#
S,t
St,r
Str,u
Stru,t
Strut,h
Struth,i
Struthi,o
Struthio,s
Struthios,a
Struthiosa,u
Struthiosau,r
Struthiosaur,u
Struthiosauru,s
Struthiosaurus,#
S,t
St,y
Sty,g
Styg,i
Stygi,m
Stygim,o
Stygimo,l
Stygimol,o
Stygimolo,c
Stygimoloc,h
Stygimoloch,#
S,t
St,y
Sty,r
Styr,a
Styra,c
Styrac,o
Styraco,s
Styracos,a
Styracosa,u
Styracosau,r
Styracosaur,u
Styracosauru,s
Styracosaurus,#
S,u
Su,c
Suc,h
Such,o
Sucho,m
Suchom,i
Suchomi,m
Suchomim,u
Suchomimu,s
Suchomimus,#
S,u
Su,p
Sup,e
Supe,r
Super,s
Supers,a
Supersa,u
Supersau,r
Supersaur,u
Supersauru,s
Supersaurus,#
T,a
Ta,l
Tal,a
Tala,r
Talar,u
Talaru,r
Talarur,u
Talaruru,s
Talarurus,#
T,a
Ta,n
Tan,i
Tani,u
Taniu,s
Tanius,#
T,a
Ta,r
Tar,b
Tarb,o
Tarbo,s
Tarbos,a
Tarbosa,u
Tarbosau,r
Tarbosaur,u
Tarbosauru,s
Tarbosaurus,#
T,a
Ta,r
Tar,c
Tarc,h
Tarch,i
Tarchi,a
Tarchia,#
T,e
Te,l
Tel,m
Telm,a
Telma,t
Telmat,o
Telmato,s
Telmatos,a
Telmatosa,u
Telmatosau,r
Telmatosaur,u
Telmatosauru,s
Telmatosaurus,#
T,e
Te,n
Ten,o
Teno,n
Tenon,t
Tenont,o
Tenonto,s
Tenontos,a
Tenontosa,u
Tenontosau,r
Tenontosaur,u
Tenontosauru,s
Tenontosaurus,#
T,h
Th,e
The,c
Thec,o
Theco,d
Thecod,o
Thecodo,n
Thecodon,t
Thecodont,o
Thecodonto,s
Thecodontos,a
Thecodontosa,u
Thecodontosau,r
Thecodontosaur,u
Thecodontosauru,s
Thecodontosaurus,#
T,h
Th,e
The,r
Ther,i
Theri,z
Theriz,i
Therizi,n
Therizin,o
Therizino,s
Therizinos,a
Therizinosa,u
Therizinosau,r
Therizinosaur,u
Therizinosauru,s
Therizinosaurus,#
T,h
Th,e
The,s
Thes,c
Thesc,e
Thesce,l
Thescel,o
Thescelo,s
Thescelos,a
Thescelosa,u
Thescelosau,r
Thescelosaur,u
Thescelosauru,s
Thescelosaurus,#
T,o
To,r
Tor,o
Toro,s
Toros,a
Torosa,u
Torosau,r
Torosaur,u
Torosauru,s
Torosaurus,#
T,o
To,r
Tor,v
Torv,o
Torvo,s
Torvos,a
Torvosa,u
Torvosau,r
Torvosaur,u
Torvosauru,s
Torvosaurus,#
T,r
Tr,i
Tri,c
Tric,e
Trice,r
Tricer,a
Tricera,t
Tricerat,o
Tricerato,p
Triceratop,s
Triceratops,#
T,r
Tr,o
Tro,o
Troo,d
Trood,o
Troodo,n
Troodon,#
T,s
Ts,a
Tsa,g
Tsag,a
Tsaga,n
Tsagan,t
Tsagant,e
Tsagante,g
Tsaganteg,i
Tsagantegi,a
Tsagantegia,#
T,s
Ts,i
Tsi,n
Tsin,t
Tsint,a
Tsinta,o
Tsintao,s
Tsintaos,a
Tsintaosa,u
Tsintaosau,r
Tsintaosaur,u
Tsintaosauru,s
Tsintaosaurus,#
T,u
Tu,o
Tuo,j
Tuoj,i
Tuoji,a
Tuojia,n
Tuojian,g
Tuojiang,o
Tuojiango,s
Tuojiangos,a
Tuojiangosa,u
Tuojiangosau,r
Tuojiangosaur,u
Tuojiangosauru,s
Tuojiangosaurus,#
T,y
Ty,l
Tyl,o
Tylo,c
Tyloc,e
Tyloce,p
Tylocep,h
Tyloceph,a
Tylocepha,l
Tylocephal,e
Tylocephale,#
T,y
Ty,r
Tyr,a
Tyra,n
Tyran,n
Tyrann,o
Tyranno,s
Tyrannos,a
Tyrannosa,u
Tyrannosau,r
Tyrannosaur,u
Tyrannosauru,s
Tyrannosaurus,#
T,y
Ty,r
Tyr,a
Tyra,n
Tyran,n
Tyrann,o
Tyranno,t
Tyrannot,i
Tyrannoti,t
Tyrannotit,a
Tyrannotita,n
Tyrannotitan,#
U,d
Ud,a
Uda,n
Udan,o
Udano,c
Udanoc,e
Udanoce,r
Udanocer,a
Udanocera,t
Udanocerat,o
Udanocerato,p
Udanoceratop,s
Udanoceratops,#
U,n
Un,e
Une,n
Unen,l
Unenl,a
Unenla,g
Unenlag,i
Unenlagi,a
Unenlagia,#
U,r
Ur,b
Urb,a
Urba,c
Urbac,o
Urbaco,d
Urbacod,o
Urbacodo,n
Urbacodon,#
U,t
Ut,a
Uta,h
Utah,r
Utahr,a
Utahra,p
Utahrap,t
Utahrapt,o
Utahrapto,r
Utahraptor,#
V,a
Va,l
Val,d
Vald,o
Valdo,s
Valdos,a
Valdosa,u
Valdosau,r
Valdosaur,u
Valdosauru,s
Valdosaurus,#
V,e
Ve,l
Vel,o
Velo,c
Veloc,i
Veloci,r
Velocir,a
Velocira,p
Velocirap,t
Velocirapt,o
Velocirapto,r
Velociraptor,#
V,u
Vu,l
Vul,c
Vulc,a
Vulca,n
Vulcan,o
Vulcano,d
Vulcanod,o
Vulcanodo,n
Vulcanodon,#
Y,a
Ya,n
Yan,d
Yand,u
Yandu,s
Yandus,a
Yandusa,u
Yandusau,r
Yandusaur,u
Yandusauru,s
Yandusaurus,#
Y,a
Ya,n
Yan,g
Yang,c
Yangc,h
Yangch,u
Yangchu,a
Yangchua,n
Yangchuan,o
Yangchuano,s
Yangchuanos,a
Yangchuanosa,u
Yangchuanosau,r
Yangchuanosaur,u
Yangchuanosauru,s
Yangchuanosaurus,#
Y,i
Yi,m
Yim,e
Yime,n
Yimen,o
Yimeno,s
Yimenos,a
Yimenosa,u
Yimenosau,r
Yimenosaur,u
Yimenosauru,s
Yimenosaurus,#
Y,i
Yi,n
Yin,g
Ying,s
Yings,h
Yingsh,a
Yingsha,n
Yingshan,o
Yingshano,s
Yingshanos,a
Yingshanosa,u
Yingshanosau,r
Yingshanosaur,u
Yingshanosauru,s
Yingshanosaurus,#
Y,i
Yi,n
Yin,l
Yinl,o
Yinlo,n
Yinlon,g
Yinlong,#
Y,u
Yu,a
Yua,n
Yuan,m
Yuanm,o
Yuanmo,u
Yuanmou,s
Yuanmous,a
Yuanmousa,u
Yuanmousau,r
Yuanmousaur,u
Yuanmousauru,s
Yuanmousaurus,#
Y,u
Yu,n
Yun,n
Yunn,a
Yunna,n
Yunnan,o
Yunnano,s
Yunnanos,a
Yunnanosa,u
Yunnanosau,r
Yunnanosaur,u
Yunnanosauru,s
Yunnanosaurus,#
Y,u
Yu,t
Yut,y
Yuty,r
Yutyr,a
Yutyra,n
Yutyran,n
Yutyrann,u
Yutyrannu,s
Yutyrannus,#
Z,a
Za,l
Zal,m
Zalm,o
Zalmo,x
Zalmox,e
Zalmoxe,s
Zalmoxes,#
Z,e
Ze,p
Zep,h
Zeph,y
Zephy,r
Zephyr,o
Zephyro,s
Zephyros,a
Zephyrosa,u
Zephyrosau,r
Zephyrosaur,u
Zephyrosauru,s
Zephyrosaurus,#
Z,u
Zu,n
Zun,i
Zuni,c
Zunic,e
Zunice,r
Zunicer,a
Zunicera,t
Zunicerat,o
Zunicerato,p
Zuniceratop,s
Zuniceratops,#
